"id_materia";"nombre";"area";"id_curso";"createdAt";"updatedAt"
1;"CASTELLANO";"";1;"2024-09-04 00:00:00";"2024-09-04 00:00:00"
2;"INGLÉS";"";1;"2024-09-04 00:00:00";"2024-09-04 00:00:00"
3;"MATEMÁTICA";"";1;"2024-09-04 00:00:00";"2024-09-04 00:00:00"
4;"BOTÁNICA";"";1;"2024-09-04 00:00:00";"2024-09-04 00:00:00"
5;"HISTORIA";"";1;"2024-09-04 00:00:00";"2024-09-04 00:00:00"
6;"GEOGRAFÍA";"";1;"2024-09-04 00:00:00";"2024-09-04 00:00:00"
7;"CONTABLIDAD";"";1;"2024-09-04 00:00:00";"2024-09-04 00:00:00"
8;"E.R.S.A.";"";1;"2024-09-04 00:00:00";"2024-09-04 00:00:00"
9;"MÚSICA";"";1;"2024-09-04 00:00:00";"2024-09-04 00:00:00"
10;"CALIGRAFÍA Y DIBUJO";"";1;"2024-09-04 00:00:00";"2024-09-04 00:00:00"
11;"EDUCACIÓN FÍSICA";"";1;"2024-09-04 00:00:00";"2024-09-04 00:00:00"
12;"CASTELLANO";"";2;"2024-09-04 00:00:00";"2024-09-04 00:00:00"
13;"INGLÉS";"";2;"2024-09-04 00:00:00";"2024-09-04 00:00:00"
14;"MATEMÁTICA";"";2;"2024-09-04 00:00:00";"2024-09-04 00:00:00"
15;"ZOOLOGÍA";"";2;"2024-09-04 00:00:00";"2024-09-04 00:00:00"
16;"HISTORIA";"";2;"2024-09-04 00:00:00";"2024-09-04 00:00:00"
17;"GEOGRAFÍA";"";2;"2024-09-04 00:00:00";"2024-09-04 00:00:00"
18;"CONTABLIDAD";"";2;"2024-09-04 00:00:00";"2024-09-04 00:00:00"
19;"E.R.S.A.";"";2;"2024-09-04 00:00:00";"2024-09-04 00:00:00"
20;"MÚSICA";"";2;"2024-09-04 00:00:00";"2024-09-04 00:00:00"
21;"CALIGRAFÍA";"";2;"2024-09-04 00:00:00";"2024-09-04 00:00:00"
22;"EDUCACIÓN FÍSICA";"";2;"2024-09-04 00:00:00";"2024-09-04 00:00:00"
23;"CASTELLANO";"";3;"2024-09-04 00:00:00";"2024-09-04 00:00:00"
24;"INGLÉS";"";3;"2024-09-04 00:00:00";"2024-09-04 00:00:00"
25;"MATEMÁTICA";"";3;"2024-09-04 00:00:00";"2024-09-04 00:00:00"
26;"ANATOMÍA";"";3;"2024-09-04 00:00:00";"2024-09-04 00:00:00"
27;"HISTORIA";"";3;"2024-09-04 00:00:00";"2024-09-04 00:00:00"
28;"GEOGRAFÍA";"";3;"2024-09-04 00:00:00";"2024-09-04 00:00:00"
29;"ELEMENTOS DE FÍSICA Y QUÍMICA";"";3;"2024-09-04 00:00:00";"2024-09-04 00:00:00"
30;"CONTABLIDAD";"";3;"2024-09-04 00:00:00";"2024-09-04 00:00:00"
31;"INSTRUCCIÓN CÍVICA";"";3;"2024-09-04 00:00:00";"2024-09-04 00:00:00"
32;"MECANOGRAFÍA";"";3;"2024-09-04 00:00:00";"2024-09-04 00:00:00"
33;"GABINETE DE CONTABILIDAD";"";3;"2024-09-04 00:00:00";"2024-09-04 00:00:00"
34;"EDUCACIÓN FÍSICA";"";3;"2024-09-04 00:00:00";"2024-09-04 00:00:00"
35;"LITERATURA";"";4;"2024-09-04 00:00:00";"2024-09-04 00:00:00"
36;"INGLÉS";"";4;"2024-09-04 00:00:00";"2024-09-04 00:00:00"
37;"MATEMÁTICA";"";4;"2024-09-04 00:00:00";"2024-09-04 00:00:00"
38;"HIGIENE";"";4;"2024-09-04 00:00:00";"2024-09-04 00:00:00"
39;"GEOGRAFÍA";"";4;"2024-09-04 00:00:00";"2024-09-04 00:00:00"
40;"FÍSICA";"";4;"2024-09-04 00:00:00";"2024-09-04 00:00:00"
41;"MERCEOLOGÍA";"";4;"2024-09-04 00:00:00";"2024-09-04 00:00:00"
42;"CONTABLIDAD";"";4;"2024-09-04 00:00:00";"2024-09-04 00:00:00"
43;"DERECHO USUAL";"";4;"2024-09-04 00:00:00";"2024-09-04 00:00:00"
44;"MECANOGRAFÍA";"";4;"2024-09-04 00:00:00";"2024-09-04 00:00:00"
45;"ESTENOGRAFÍA";"";4;"2024-09-04 00:00:00";"2024-09-04 00:00:00"
46;"GABINETE DE CONTABILIDAD";"";4;"2024-09-04 00:00:00";"2024-09-04 00:00:00"
47;"EDUCACIÓN FÍSICA";"";4;"2024-09-04 00:00:00";"2024-09-04 00:00:00"
48;"INGLÉS";"";5;"2024-09-04 00:00:00";"2024-09-04 00:00:00"
49;"MATEMÁTICA FINANCIERA";"";5;"2024-09-04 00:00:00";"2024-09-04 00:00:00"
50;"MERCEOLOGÍA";"";5;"2024-09-04 00:00:00";"2024-09-04 00:00:00"
51;"GEOGRAFÍA ECONÓMICA";"";5;"2024-09-04 00:00:00";"2024-09-04 00:00:00"
52;"DERECHO COMERCIAL";"";5;"2024-09-04 00:00:00";"2024-09-04 00:00:00"
53;"ECONOMÍA POLÍTICA";"";5;"2024-09-04 00:00:00";"2024-09-04 00:00:00"
54;"ORGANIZACIÓN DEL COMERCIO Y DE LA EMPRESA";"";5;"2024-09-04 00:00:00";"2024-09-04 00:00:00"
55;"DERECHO ADMINISTRATIVO Y LEGISLACIÓN FISCAL";"";5;"2024-09-04 00:00:00";"2024-09-04 00:00:00"
56;"ESTENOGRAFÍA";"";5;"2024-09-04 00:00:00";"2024-09-04 00:00:00"
57;"MECANOGRAFÍA";"";5;"2024-09-04 00:00:00";"2024-09-04 00:00:00"
58;"CONTABLIDAD";"";5;"2024-09-04 00:00:00";"2024-09-04 00:00:00"
59;"EDUCACIÓN FÍSICA";"";5;"2024-09-04 00:00:00";"2024-09-04 00:00:00"
60;"GABINETE DE CONTABILIDAD";"";5;"2024-09-04 00:00:00";"2024-09-04 00:00:00"
61;"CASTELLANO";"";6;"2024-09-04 00:00:00";"2024-09-04 00:00:00"
62;"HISTORIA";"";6;"2024-09-04 00:00:00";"2024-09-04 00:00:00"
63;"GEOGRAFÍA";"";6;"2024-09-04 00:00:00";"2024-09-04 00:00:00"
64;"EDUCACIÓN CÍVICA";"";6;"2024-09-04 00:00:00";"2024-09-04 00:00:00"
65;"CULTURA MUSICAL";"";6;"2024-09-04 00:00:00";"2024-09-04 00:00:00"
66;"EDUCACIÓN PLÁSTICA";"";6;"2024-09-04 00:00:00";"2024-09-04 00:00:00"
67;"CALIGRAFÍA";"";6;"2024-09-04 00:00:00";"2024-09-04 00:00:00"
68;"MATEMÁTICA";"";6;"2024-09-04 00:00:00";"2024-09-04 00:00:00"
69;"CIENCIAS BIOLÓGICAS";"";6;"2024-09-04 00:00:00";"2024-09-04 00:00:00"
70;"INGLÉS";"";6;"2024-09-04 00:00:00";"2024-09-04 00:00:00"
71;"CONTABLIDAD";"";6;"2024-09-04 00:00:00";"2024-09-04 00:00:00"
72;"EDUCACIÓN FÍSICA";"";6;"2024-09-04 00:00:00";"2024-09-04 00:00:00"
73;"CASTELLANO";"";7;"2024-09-04 00:00:00";"2024-09-04 00:00:00"
74;"HISTORIA";"";7;"2024-09-04 00:00:00";"2024-09-04 00:00:00"
75;"GEOGRAFÍA";"";7;"2024-09-04 00:00:00";"2024-09-04 00:00:00"
76;"EDUCACIÓN CÍVICA";"";7;"2024-09-04 00:00:00";"2024-09-04 00:00:00"
77;"CULTURA MUSICAL";"";7;"2024-09-04 00:00:00";"2024-09-04 00:00:00"
78;"EDUCACIÓN PLÁSTICA";"";7;"2024-09-04 00:00:00";"2024-09-04 00:00:00"
79;"MATEMÁTICA";"";7;"2024-09-04 00:00:00";"2024-09-04 00:00:00"
80;"CIENCIAS BIOLÓGICAS";"";7;"2024-09-04 00:00:00";"2024-09-04 00:00:00"
81;"INGLÉS";"";7;"2024-09-04 00:00:00";"2024-09-04 00:00:00"
82;"MECANOGRAFÍA";"";7;"2024-09-04 00:00:00";"2024-09-04 00:00:00"
83;"CONTABLIDAD";"";7;"2024-09-04 00:00:00";"2024-09-04 00:00:00"
84;"EDUCACIÓN FÍSICA";"";7;"2024-09-04 00:00:00";"2024-09-04 00:00:00"
85;"CASTELLANO";"";8;"2024-09-04 00:00:00";"2024-09-04 00:00:00"
86;"HISTORIA";"";8;"2024-09-04 00:00:00";"2024-09-04 00:00:00"
87;"GEOGRAFÍA";"";8;"2024-09-04 00:00:00";"2024-09-04 00:00:00"
88;"EDUCACIÓN CÍVICA";"";8;"2024-09-04 00:00:00";"2024-09-04 00:00:00"
89;"CULTURA MUSICAL";"";8;"2024-09-04 00:00:00";"2024-09-04 00:00:00"
90;"MATEMÁTICA";"";8;"2024-09-04 00:00:00";"2024-09-04 00:00:00"
91;"CIENCIAS BIOLÓGICAS";"";8;"2024-09-04 00:00:00";"2024-09-04 00:00:00"
92;"FÍSICA";"";8;"2024-09-04 00:00:00";"2024-09-04 00:00:00"
93;"INGLÉS";"";8;"2024-09-04 00:00:00";"2024-09-04 00:00:00"
94;"MECANOGRAFÍA";"";8;"2024-09-04 00:00:00";"2024-09-04 00:00:00"
95;"PRRÁCTICA CONTABLE";"";8;"2024-09-04 00:00:00";"2024-09-04 00:00:00"
96;"INFORMÁTICA";"";8;"2024-09-04 00:00:00";"2024-09-04 00:00:00"
97;"CONTABLIDAD";"";8;"2024-09-04 00:00:00";"2024-09-04 00:00:00"
98;"EDUCACIÓN FÍSICA";"";8;"2024-09-04 00:00:00";"2024-09-04 00:00:00"
99;"HISTORIA";"";9;"2024-09-04 00:00:00";"2024-09-04 00:00:00"
100;"GEOGRAFÍA";"";9;"2024-09-04 00:00:00";"2024-09-04 00:00:00"
101;"FORMACIÓN CÍVICA";"";9;"2024-09-04 00:00:00";"2024-09-04 00:00:00"
102;"LITERATURA";"";9;"2024-09-04 00:00:00";"2024-09-04 00:00:00"
103;"PSICOLOGÍA";"";9;"2024-09-04 00:00:00";"2024-09-04 00:00:00"
104;"MATEMÁTICA";"";9;"2024-09-04 00:00:00";"2024-09-04 00:00:00"
105;"EDUCACIÓN PARA LA SALUD";"";9;"2024-09-04 00:00:00";"2024-09-04 00:00:00"
106;"FÍSICA";"";9;"2024-09-04 00:00:00";"2024-09-04 00:00:00"
107;"QUÍMICA";"";9;"2024-09-04 00:00:00";"2024-09-04 00:00:00"
108;"INGLÉS";"";9;"2024-09-04 00:00:00";"2024-09-04 00:00:00"
109;"MECANOGRAFÍA";"";9;"2024-09-04 00:00:00";"2024-09-04 00:00:00"
110;"PRRÁCTICA CONTABLE";"";9;"2024-09-04 00:00:00";"2024-09-04 00:00:00"
111;"INFORMÁTICA";"";9;"2024-09-04 00:00:00";"2024-09-04 00:00:00"
112;"CONTABLIDAD";"";9;"2024-09-04 00:00:00";"2024-09-04 00:00:00"
113;"EDUCACIÓN FÍSICA";"";9;"2024-09-04 00:00:00";"2024-09-04 00:00:00"
114;"GEOGRAFÍA";"";10;"2024-09-04 00:00:00";"2024-09-04 00:00:00"
115;"FILOSOFÍA";"";10;"2024-09-04 00:00:00";"2024-09-04 00:00:00"
116;"FORMACIÓN CÍVICA";"";10;"2024-09-04 00:00:00";"2024-09-04 00:00:00"
117;"LITERATURA";"";10;"2024-09-04 00:00:00";"2024-09-04 00:00:00"
118;"QUÍMICA";"";10;"2024-09-04 00:00:00";"2024-09-04 00:00:00"
119;"INGLÉS";"";10;"2024-09-04 00:00:00";"2024-09-04 00:00:00"
120;"MATEMÁTICA FINANCIERA";"";10;"2024-09-04 00:00:00";"2024-09-04 00:00:00"
121;"MECANOGRAFÍA";"";10;"2024-09-04 00:00:00";"2024-09-04 00:00:00"
122;"DERECHO COMERCIAL";"";10;"2024-09-04 00:00:00";"2024-09-04 00:00:00"
123;"DERECHO LABORAL";"";10;"2024-09-04 00:00:00";"2024-09-04 00:00:00"
124;"ECONOMÍA POLÍTICA";"";10;"2024-09-04 00:00:00";"2024-09-04 00:00:00"
125;"PRRÁCTICA CONTABLE";"";10;"2024-09-04 00:00:00";"2024-09-04 00:00:00"
126;"INFORMÁTICA";"";10;"2024-09-04 00:00:00";"2024-09-04 00:00:00"
127;"CONTABLIDAD";"";10;"2024-09-04 00:00:00";"2024-09-04 00:00:00"
128;"EDUCACIÓN FÍSICA";"";10;"2024-09-04 00:00:00";"2024-09-04 00:00:00"
129;"LENGUA CASTELLANA";"";11;"2024-09-04 00:00:00";"2024-09-04 00:00:00"
130;"INGLÉS";"";11;"2024-09-04 00:00:00";"2024-09-04 00:00:00"
131;"MATEMÁTICA";"";11;"2024-09-04 00:00:00";"2024-09-04 00:00:00"
132;"BIOLOGÍA";"";11;"2024-09-04 00:00:00";"2024-09-04 00:00:00"
133;"FÍSICA";"";11;"2024-09-04 00:00:00";"2024-09-04 00:00:00"
134;"QUÍMICA";"";11;"2024-09-04 00:00:00";"2024-09-04 00:00:00"
135;"HISTORIA";"";11;"2024-09-04 00:00:00";"2024-09-04 00:00:00"
136;"GEOGRAFÍA";"";11;"2024-09-04 00:00:00";"2024-09-04 00:00:00"
137;"EDUCACIÓN TECNOLÓGICA";"";11;"2024-09-04 00:00:00";"2024-09-04 00:00:00"
138;"EDUCACIÓN PLÁSTICA";"";11;"2024-09-04 00:00:00";"2024-09-04 00:00:00"
139;"MÚSICA";"";11;"2024-09-04 00:00:00";"2024-09-04 00:00:00"
140;"FORMACIÓN ÉTICA Y CIUDADANA";"";11;"2024-09-04 00:00:00";"2024-09-04 00:00:00"
141;"EDUCACIÓN FÍSICA";"";11;"2024-09-04 00:00:00";"2024-09-04 00:00:00"
142;"LENGUA CASTELLANA";"";12;"2024-09-04 00:00:00";"2024-09-04 00:00:00"
143;"INGLÉS";"";12;"2024-09-04 00:00:00";"2024-09-04 00:00:00"
144;"MATEMÁTICA";"";12;"2024-09-04 00:00:00";"2024-09-04 00:00:00"
145;"BIOLOGÍA";"";12;"2024-09-04 00:00:00";"2024-09-04 00:00:00"
146;"FÍSICA";"";12;"2024-09-04 00:00:00";"2024-09-04 00:00:00"
147;"QUÍMICA";"";12;"2024-09-04 00:00:00";"2024-09-04 00:00:00"
148;"HISTORIA";"";12;"2024-09-04 00:00:00";"2024-09-04 00:00:00"
149;"GEOGRAFÍA";"";12;"2024-09-04 00:00:00";"2024-09-04 00:00:00"
150;"EDUCACIÓN TECNOLÓGICA";"";12;"2024-09-04 00:00:00";"2024-09-04 00:00:00"
151;"EDUCACIÓN PLÁSTICA";"";12;"2024-09-04 00:00:00";"2024-09-04 00:00:00"
152;"MÚSICA";"";12;"2024-09-04 00:00:00";"2024-09-04 00:00:00"
153;"FORMACIÓN ÉTICA Y CIUDADANA";"";12;"2024-09-04 00:00:00";"2024-09-04 00:00:00"
154;"EDUCACIÓN FÍSICA";"";12;"2024-09-04 00:00:00";"2024-09-04 00:00:00"
155;"LENGUA CASTELLANA";"";13;"2024-09-04 00:00:00";"2024-09-04 00:00:00"
156;"INGLÉS";"";13;"2024-09-04 00:00:00";"2024-09-04 00:00:00"
157;"MATEMÁTICA";"";13;"2024-09-04 00:00:00";"2024-09-04 00:00:00"
158;"BIOLOGÍA";"";13;"2024-09-04 00:00:00";"2024-09-04 00:00:00"
159;"FÍSICO-QUÍMICA";"";13;"2024-09-04 00:00:00";"2024-09-04 00:00:00"
160;"HISTORIA";"";13;"2024-09-04 00:00:00";"2024-09-04 00:00:00"
161;"GEOGRAFÍA";"";13;"2024-09-04 00:00:00";"2024-09-04 00:00:00"
162;"EDUCACIÓN TECNOLÓGICA";"";13;"2024-09-04 00:00:00";"2024-09-04 00:00:00"
163;"EDUCACIÓN PLÁSTICA";"";13;"2024-09-04 00:00:00";"2024-09-04 00:00:00"
164;"MÚSICA";"";13;"2024-09-04 00:00:00";"2024-09-04 00:00:00"
165;"FORMACIÓN ÉTICA Y CIUDADANA";"";13;"2024-09-04 00:00:00";"2024-09-04 00:00:00"
166;"EDUCACIÓN FÍSICA";"";13;"2024-09-04 00:00:00";"2024-09-04 00:00:00"
167;"MATEMÁTICA";"";14;"2024-09-04 00:00:00";"2024-09-04 00:00:00"
168;"LENGUA CASTELLANA";"";14;"2024-09-04 00:00:00";"2024-09-04 00:00:00"
169;"INGLÉS";"";14;"2024-09-04 00:00:00";"2024-09-04 00:00:00"
170;"FORMACIÓN ÉTICA Y CIUDADANA";"";14;"2024-09-04 00:00:00";"2024-09-04 00:00:00"
171;"FORMACIÓN ARTÍSTICO CULTURAL: PLÁSTICA";"";14;"2024-09-04 00:00:00";"2024-09-04 00:00:00"
172;"BIOLOGÍA";"";14;"2024-09-04 00:00:00";"2024-09-04 00:00:00"
173;"FÍSICA";"";14;"2024-09-04 00:00:00";"2024-09-04 00:00:00"
174;"HISTORIA";"";14;"2024-09-04 00:00:00";"2024-09-04 00:00:00"
175;"GEOGRAFÍA";"";14;"2024-09-04 00:00:00";"2024-09-04 00:00:00"
176;"EDUCACIÓN FÍSICA";"";14;"2024-09-04 00:00:00";"2024-09-04 00:00:00"
177;"ECONOMÍA I";"";14;"2024-09-04 00:00:00";"2024-09-04 00:00:00"
178;"GESTIÓN DE LAS ORGANIZACIONES I";"";14;"2024-09-04 00:00:00";"2024-09-04 00:00:00"
179;"SISTEMAS DE INFORMACIÓN I";"";14;"2024-09-04 00:00:00";"2024-09-04 00:00:00"
180;"GESTIÓN ORGANIZACIONAL I";"";14;"2024-09-04 00:00:00";"2024-09-04 00:00:00"
181;"METODOLOGÍA DE LA INVESTIGACIÓN";"";14;"2024-09-04 00:00:00";"2024-09-04 00:00:00"
182;"SISTEMA ADMINISTRATIVO CONTABLE I";"";14;"2024-09-04 00:00:00";"2024-09-04 00:00:00"
183;"PROYECTO INTEGRADOR I";"";14;"2024-09-04 00:00:00";"2024-09-04 00:00:00"
184;"RECURSO INFORMÁTICO I";"";14;"2024-09-04 00:00:00";"2024-09-04 00:00:00"
185;"MATEMÁTICA";"";15;"2024-09-04 00:00:00";"2024-09-04 00:00:00"
186;"LENGUA CASTELLANA";"";15;"2024-09-04 00:00:00";"2024-09-04 00:00:00"
187;"INGLÉS";"";15;"2024-09-04 00:00:00";"2024-09-04 00:00:00"
188;"PSICOLOGÍA";"";15;"2024-09-04 00:00:00";"2024-09-04 00:00:00"
189;"FORMACIÓN ARTÍSTICO CULTURAL: MÚSICA";"";15;"2024-09-04 00:00:00";"2024-09-04 00:00:00"
190;"BIOLOGÍA";"";15;"2024-09-04 00:00:00";"2024-09-04 00:00:00"
191;"QUÍMICA";"";15;"2024-09-04 00:00:00";"2024-09-04 00:00:00"
192;"HISTORIA";"";15;"2024-09-04 00:00:00";"2024-09-04 00:00:00"
193;"GEOGRAFÍA";"";15;"2024-09-04 00:00:00";"2024-09-04 00:00:00"
194;"EDUCACIÓN FÍSICA";"";15;"2024-09-04 00:00:00";"2024-09-04 00:00:00"
195;"ECONOMÍA II";"";15;"2024-09-04 00:00:00";"2024-09-04 00:00:00"
196;"GESTIÓN DE LAS ORGANIZACIONES II";"";15;"2024-09-04 00:00:00";"2024-09-04 00:00:00"
197;"SISTEMAS DE INFORMACIÓN II";"";15;"2024-09-04 00:00:00";"2024-09-04 00:00:00"
198;"GESTIÓN ORGANIZACIONAL II";"";15;"2024-09-04 00:00:00";"2024-09-04 00:00:00"
199;"SISTEMA ADMINISTRATIVO CONTABLE II";"";15;"2024-09-04 00:00:00";"2024-09-04 00:00:00"
200;"PROYECTO INTEGRADOR II";"";15;"2024-09-04 00:00:00";"2024-09-04 00:00:00"
201;"RECURSO INFORMÁTICO II";"";15;"2024-09-04 00:00:00";"2024-09-04 00:00:00"
202;"MATEMÁTICA";"";16;"2024-09-04 00:00:00";"2024-09-04 00:00:00"
203;"LENGUA CASTELLANA";"";16;"2024-09-04 00:00:00";"2024-09-04 00:00:00"
204;"INGLÉS";"";16;"2024-09-04 00:00:00";"2024-09-04 00:00:00"
205;"FILOSOFÍA";"";16;"2024-09-04 00:00:00";"2024-09-04 00:00:00"
206;"FORMACIÓN ARTÍSTICO CULTURAL: TEATRO";"";16;"2024-09-04 00:00:00";"2024-09-04 00:00:00"
207;"QUÍMICA";"";16;"2024-09-04 00:00:00";"2024-09-04 00:00:00"
208;"FÍSICA";"";16;"2024-09-04 00:00:00";"2024-09-04 00:00:00"
209;"HISTORIA";"";16;"2024-09-04 00:00:00";"2024-09-04 00:00:00"
210;"EDUCACIÓN FÍSICA";"";16;"2024-09-04 00:00:00";"2024-09-04 00:00:00"
211;"ECONOMÍA III";"";16;"2024-09-04 00:00:00";"2024-09-04 00:00:00"
212;"MARCO JURÍDICO DE LAS ORGANIZACIONES";"";16;"2024-09-04 00:00:00";"2024-09-04 00:00:00"
213;"SISTEMAS DE INFORMACIÓN III ";"";16;"2024-09-04 00:00:00";"2024-09-04 00:00:00"
214;"GESTIÓN ORGANIZACIONAL III";"";16;"2024-09-04 00:00:00";"2024-09-04 00:00:00"
215;"SISTEMA ADMINISTRATIVO CONTABLE III";"";16;"2024-09-04 00:00:00";"2024-09-04 00:00:00"
216;"PROYECTO INTEGRADOR III";"";16;"2024-09-04 00:00:00";"2024-09-04 00:00:00"
217;"RECURSO INFORMÁTICO III";"";16;"2024-09-04 00:00:00";"2024-09-04 00:00:00"
218;"EDUCACIÓN FÍSICA";"ARTÍSTICA";17;"2024-09-04 00:00:00";"2024-09-04 00:00:00"
219;"LENGUA Y LITERATURA";"";17;"2024-09-04 00:00:00";"2024-09-04 00:00:00"
220;"MATEMÁTICA";"";17;"2024-09-04 00:00:00";"2024-09-04 00:00:00"
221;"CIENCIAS NATURALES - BIOLOGÍA";"NATURALES";17;"2024-09-04 00:00:00";"2024-09-04 00:00:00"
222;"CIENCIAS NATURALES - FÍSICA";"NATURALES";17;"2024-09-04 00:00:00";"2024-09-04 00:00:00"
223;"CIENCIAS SOCIALES - GEOGRAFÍA";"SOCIALES";17;"2024-09-04 00:00:00";"2024-09-04 00:00:00"
224;"LENGUA EXTRANJERA - INGLÉS";"";17;"2024-09-04 00:00:00";"2024-09-04 00:00:00"
225;"EDUCACIÓN ARTÍSTICA - ARTES VISUALES";"ARTÍSTICA";17;"2024-09-04 00:00:00";"2024-09-04 00:00:00"
226;"EDUCACIÓN TECNOLÓGICA";"";17;"2024-09-04 00:00:00";"2024-09-04 00:00:00"
227;"CIUDADANÍA Y PARTICIPACIÓN";"SOCIALES";17;"2024-09-04 00:00:00";"2024-09-04 00:00:00"
228;"EDUCACIÓN FÍSICA";"ARTÍSTICA";18;"2024-09-04 00:00:00";"2024-09-04 00:00:00"
229;"LENGUA Y LITERATURA";"";18;"2024-09-04 00:00:00";"2024-09-04 00:00:00"
230;"MATEMÁTICA";"";18;"2024-09-04 00:00:00";"2024-09-04 00:00:00"
231;"CIENCIAS NATURALES - QUÍMICA";"NATURALES";18;"2024-09-04 00:00:00";"2024-09-04 00:00:00"
232;"BIOLOGÍA";"NATURALES";18;"2024-09-04 00:00:00";"2024-09-04 00:00:00"
233;"CIENCIAS SOCIALES - HISTORIA";"SOCIALES";18;"2024-09-04 00:00:00";"2024-09-04 00:00:00"
234;"LENGUA EXTRANJERA - INGLÉS";"";18;"2024-09-04 00:00:00";"2024-09-04 00:00:00"
235;"EDUCACIÓN ARTÍSTICA - MÚSICA";"ARTÍSTICA";18;"2024-09-04 00:00:00";"2024-09-04 00:00:00"
236;"EDUCACIÓN TECNOLÓGICA";"";18;"2024-09-04 00:00:00";"2024-09-04 00:00:00"
237;"CIUDADANÍA Y PARTICIPACIÓN";"SOCIALES";18;"2024-09-04 00:00:00";"2024-09-04 00:00:00"
238;"EDUCACIÓN FÍSICA";"ARTÍSTICA";19;"2024-09-04 00:00:00";"2024-09-04 00:00:00"
239;"LENGUA Y LITERATURA";"";19;"2024-09-04 00:00:00";"2024-09-04 00:00:00"
240;"MATEMÁTICA";"";19;"2024-09-04 00:00:00";"2024-09-04 00:00:00"
241;"FÍSICA";"NATURALES";19;"2024-09-04 00:00:00";"2024-09-04 00:00:00"
242;"QUÍMICA";"NATURALES";19;"2024-09-04 00:00:00";"2024-09-04 00:00:00"
243;"GEOGRAFÍA";"SOCIALES";19;"2024-09-04 00:00:00";"2024-09-04 00:00:00"
244;"HISTORIA";"SOCIALES";19;"2024-09-04 00:00:00";"2024-09-04 00:00:00"
245;"LENGUA EXTRANJERA - INGLÉS";"";19;"2024-09-04 00:00:00";"2024-09-04 00:00:00"
246;"EDUCACIÓN ARTÍSTICA - ARTES VISUALES";"";19;"2024-09-04 00:00:00";"2024-09-04 00:00:00"
247;"EDUCACIÓN ARTÍSTICA - MÚSICA";"ARTÍSTICA";19;"2024-09-04 00:00:00";"2024-09-04 00:00:00"
248;"EDUCACIÓN TECNOLÓGICA";"";19;"2024-09-04 00:00:00";"2024-09-04 00:00:00"
249;"FORMACIÓN PARA LA VIDA Y EL TRABAJO";"";19;"2024-09-04 00:00:00";"2024-09-04 00:00:00"
250;"EDUCACIÓN FÍSICA";"ARTÍSTICA";20;"2024-09-04 00:00:00";"2024-09-04 00:00:00"
251;"LENGUA Y LITERATURA";"";20;"2024-09-04 00:00:00";"2024-09-04 00:00:00"
252;"MATEMÁTICA";"";20;"2024-09-04 00:00:00";"2024-09-04 00:00:00"
253;"BIOLOGÍA";"";20;"2024-09-04 00:00:00";"2024-09-04 00:00:00"
254;"GEOGRAFÍA";"SOCIALES";20;"2024-09-04 00:00:00";"2024-09-04 00:00:00"
255;"HISTORIA";"SOCIALES";20;"2024-09-04 00:00:00";"2024-09-04 00:00:00"
256;"LENGUA EXTRANJERA - INGLÉS";"";20;"2024-09-04 00:00:00";"2024-09-04 00:00:00"
257;"EDUCACIÓN ARTÍSTICA - ARTES VISUALES";"ARTÍSTICA";20;"2024-09-04 00:00:00";"2024-09-04 00:00:00"
258;"FORMACIÓN PARA LA VIDA Y EL TRABAJO";"";20;"2024-09-04 00:00:00";"2024-09-04 00:00:00"
259;"SISTEMAS DE INFORMACIÓN CONTABLE";"ESPECIALIDAD";20;"2024-09-04 00:00:00";"2024-09-04 00:00:00"
260;"ADMINISTRACIÓN";"ESPECIALIDAD";20;"2024-09-04 00:00:00";"2024-09-04 00:00:00"
261;"ECONOMÍA Y DESARROLLO SUSTENTABLE";"ESPECIALIDAD";20;"2024-09-04 00:00:00";"2024-09-04 00:00:00"
262;"ADMINISTRACIÓN DE LA PRODUCCIÓN Y COMERCIALIZACIÓN";"ESPECIALIDAD";20;"2024-09-04 00:00:00";"2024-09-04 00:00:00"
263;"EDUCACIÓN FÍSICA";"ARTÍSTICA";21;"2024-09-04 00:00:00";"2024-09-04 00:00:00"
264;"LENGUA Y LITERATURA";"";21;"2024-09-04 00:00:00";"2024-09-04 00:00:00"
265;"MATEMÁTICA";"";21;"2024-09-04 00:00:00";"2024-09-04 00:00:00"
266;"FÍSICA";"";21;"2024-09-04 00:00:00";"2024-09-04 00:00:00"
267;"GEOGRAFÍA";"SOCIALES";21;"2024-09-04 00:00:00";"2024-09-04 00:00:00"
268;"HISTORIA";"SOCIALES";21;"2024-09-04 00:00:00";"2024-09-04 00:00:00"
269;"LENGUA EXTRANJERA - INGLÉS";"";21;"2024-09-04 00:00:00";"2024-09-04 00:00:00"
270;"EDUCACIÓN ARTÍSTICA - MÚSICA";"ARTÍSTICA";21;"2024-09-04 00:00:00";"2024-09-04 00:00:00"
271;"PSICOLOGÍA";"SOCIALES";21;"2024-09-04 00:00:00";"2024-09-04 00:00:00"
272;"FORMACIÓN PARA LA VIDA Y EL TRABAJO";"";21;"2024-09-04 00:00:00";"2024-09-04 00:00:00"
273;"SISTEMAS DE INFORMACIÓN CONTABLE";"ESPECIALIDAD";21;"2024-09-04 00:00:00";"2024-09-04 00:00:00"
274;"ADMINISTRACIÓN";"ESPECIALIDAD";21;"2024-09-04 00:00:00";"2024-09-04 00:00:00"
275;"ECONOMÍA";"ESPECIALIDAD";21;"2024-09-04 00:00:00";"2024-09-04 00:00:00"
276;"ADMINISTRACIÓN DE RECURSOS HUMANOS";"ESPECIALIDAD";21;"2024-09-04 00:00:00";"2024-09-04 00:00:00"
277;"ADMINISTRACIÓN DE LA PRODUCCIÓN Y COMERCIALIZACIÓN";"ESPECIALIDAD";21;"2024-09-04 00:00:00";"2024-09-04 00:00:00"
278;"EDUCACIÓN FÍSICA";"ARTÍSTICA";22;"2024-09-04 00:00:00";"2024-09-04 00:00:00"
279;"LENGUA Y LITERATURA";"";22;"2024-09-04 00:00:00";"2024-09-04 00:00:00"
280;"MATEMÁTICA";"";22;"2024-09-04 00:00:00";"2024-09-04 00:00:00"
281;"QUÍMICA";"";22;"2024-09-04 00:00:00";"2024-09-04 00:00:00"
282;"LENGUA EXTRANJERA - INGLÉS";"";22;"2024-09-04 00:00:00";"2024-09-04 00:00:00"
283;"EDUCACIÓN ARTÍSTICA - TEATRO";"ARTÍSTICA";22;"2024-09-04 00:00:00";"2024-09-04 00:00:00"
284;"CIUDADANÍA Y POLÍTICA";"SOCIALES";22;"2024-09-04 00:00:00";"2024-09-04 00:00:00"
285;"ADMINISTRACIÓN";"ESPECIALIDAD";22;"2024-09-04 00:00:00";"2024-09-04 00:00:00"
286;"ECONOMÍA";"ESPECIALIDAD";22;"2024-09-04 00:00:00";"2024-09-04 00:00:00"
287;"DERECHO";"ESPECIALIDAD";22;"2024-09-04 00:00:00";"2024-09-04 00:00:00"
288;"RESPONSABILIDAD SOCIAL DE LAS ORGANIZACIONES";"ESPECIALIDAD";22;"2024-09-04 00:00:00";"2024-09-04 00:00:00"
289;"ADMINISTRACIÓN FINANCIERA";"ESPECIALIDAD";22;"2024-09-04 00:00:00";"2024-09-04 00:00:00"
290;"SISTEMAS DE INFORMACIÓN CONTABLE";"ESPECIALIDAD";22;"2024-09-04 00:00:00";"2024-09-04 00:00:00"
291;"FORMACIÓN PARA LA VIDA Y EL TRABAJO";"";22;"2024-09-04 00:00:00";"2024-09-04 00:00:00"
292;"FILOSOFÍA";"SOCIALES";22;"2024-09-04 00:00:00";"2024-09-04 00:00:00"
